code,name,country,city
AAE,ANNABA,ALGERIA,AAE
AAN,AL AIN,UAE,AAN
AAT,ALTAY,CHINA,AAT
ABA,ABAKAN,RUSSIAN,ABA
ABD,ABADAN,IRAN,ABD
ABE,ALLENTOWN/BETHLEHEM,USA,ABE
ABI,ABILENE,USA,ABI
ABJ,ABIDJAN,COTE D'LVIRE,ABJ
ABQ,ALBUQUERQUE,USA,ABQ
ABR,ABERDEEN,USA,ABR
ABV,ABUJA,NIGERIA,ABV
ABX,ALBURY,AUSTRALIA,ABX
ABY,ALBANY,USA,ABY
ABZ,ABERDEEN,UK,ABZ
ACA,ACAPULCO,MEXICO,ACA
ACC,ACCRA,GHANA,ACC
ACT,WACO,USA,ACT
ACV,ARCATA,,ACV
ACY,ATLANTIC CITY,USA,AIY
ADA,ADANA,TURKEY,ADA
ADB,IZMIR,TURKEY,ADB
ADE,ADEN,YEMEN,ADE
ADJ,AMMAN,JORDAN,AMM
ADL,ADELAIDE,AUSTRALIA,ADL
ADQ,KODIAK,USA,ADQ
ADU,ARDABIL,IRAN,ADU
ADZ,SAN ANDRES ISLAND,COLOMBIA,ADZ
AEH,ABECHER,CHAD,AEH
AEP,BUENOS AIRES,ARGENTINA,BUE
AEY,AKUREYRI,ICELAND,AEY
AGA,AGADIR,MOROCCO,AGA
AGB,MUNCHEN,GERMANY,AGB
AGF,AGEN,FRANCE,AGF
AGP,MALAGA,SPAIN,AGP
AGR,AGRA,INDIA,AGR
AGS,AUGUSTA,USA,AGS
AGV,ACARIGUA,VENEZUELA,AGV
AHB,ABHA,SAUDI ARABIA,AHB
AIA,ALLIANCE,USA,AIA
AIN,WAINWRIGHT,USA,AIN
AIY,ATLANTIC CITY,USA,AIY
AJA,AJACCIO,FRANCE,AJA
AJU,ARACAJU,BRAZIL,AJU
AKA,ANKANG,CHINA,AKA
AKC,AKRON,USA,AKC
AKJ,ASAHIGAWA,JAPAN,AKJ
AKL,AUCKLAND,NEW ZEALAND,AKL
AKU,AKSU,CHINA,AKU
AKY,SITTWE,MYANMAR,AKY
ALB,ALBANY,USA,ALB
ALC,ALICANTE,SPAIN,ALC
ALG,ALGIERS,ALGERIA,ALG
ALH,ALBANY,AUSTRALIA,ALH
ALJ,ALEXANDER BAY,S.AFRICA,ALJ
ALM,ALAMOGORDO,USA,ALM
ALO,WATERLOO,USA,ALO
ALP,ALEPPO,SYRIAN,ALP
ALY,ALEXANDRIA,EGYPT,ALY
AMA,AMARILLO,USA,AMA
AMI,MATARAM,INDONESIA,AMI
AMM,AMMAN,JORDAN,AMM
AMQ,AMBON,INDONESIA,AMQ
AMS,AMSTERDAM,NETHERLANDS,AMS
ANB,AANNISTON,USA,ANB
ANC,ANCHORAGE,USA,ANC
ANG,ANGOULEME,FRANCE,ANG
ANK,ANKARA,TURKEY,ANK
ANR,ANTWERP,BELGIUM,ANR
ANU,ANTIGUA,LEEWARD ISLAND,ANU
AOG,ANSHAN,CHINA,AOG
AOI,ANCONA,ITALY,AOI
AOJ,AOMORI,JAPAN,AOJ
AOO,ALTOONA,USA,AOO
AOR,ALOR SETAR,MALAYSIA,AOR
APL,NAMPULA,MOZAMBIQUE,APL
AQG,ANQING,CHINA,AQG
AQJ,AQABA,JORDAN,AQJ
AQP,AREQUIPA,PERU,AQP
ARC,ARICA,CHILE,ARC
ARD,ALOR ISLAND,INDONESIA,ARD
ARI,ARICA,CHILE,ARI
ARM,ARMIDALE,AUSTRALIA,ARM
ARN,STOCKHOLM,SWEDEN,ARN
ART,WATERTOWN,USA,ART
ARW,ARAD,ROMANIA,ARW
ASA,ASSAB,ERITREA,ASA
ASB,ASHKHABAD,TURKMENISTAN,ASB
ASD,ANDROS TOWN,BAHAMAS,ASD
ASF,ASTRAKHAN,RUSSIAN,ASF
ASK,YAMOUSSOUKRO,COTE D'LVOIRE,ASK
ASM,ASMARA,ERITREA,ASM
ASP,ALICE SPRINGS,AUSTRALIA,ASP
ASR,KAYSERI,TURKEY,ASR
ASU,ASUNCION,PARAGUAY,ASU
ASW,ASWAN,EGYPT,ASW
ATB,ATBARA,SUDAN,ATB
ATH,ATHENS,GREECE,ATH
ATL,ATLANTA,USA,ATL
ATQ,AMRITSAR,INDIA,ATQ
ATR,ATAR,MAURITANIA,ATR
ATW,APPLETON,USA,ATW
ATY,WATERTOWN,USA,ATY
AUA,ARUBA,ARUBA,AUA
AUG,AUGUSTA,USA,AUG
AUH,ABU DHABI,UAE,AUH
AUS,AUSTIN,USA,AUS
AUX,ARAGUAIA,BRAZIL,AUX
AVI,CIEGO DE AVILA,CUBA,AVI
AVL,ASHEVILLE,USA,AVL
AVN,AVIGNON,FRANCE,AVN
AXA,ANGUILLA,LEEWARD ISLAND,AXA
AXM,ARMENIA,COLOMBIA,AXM
AXT,AKITA,JAPAN,AXT
AYP,AYACUCHO,PERU,AYP
AYQ,AYERS ROCK,AUSTRALIA,AYQ
AYT,ANTALYA,TURKEY,AYT
AZD,YAZD,IRAN,AZD
AZN,ANDIZHAN,UZBEKISTAN,AZN
AZO,KALAMAZOO,USA,AZO
AZR,ADRAR,ALGERIA,AZR
BAG,BAGUIO,PHILIPPINES,BAG
BAH,BAHRAIN,BAHRAIN,BAH
BAK,BAKU,AZERBAIJAN,BAK
BAQ,BARRANQUILLA,COLOMBIA,BAQ
BAV,BAOTOU,CHINA,BAV
BAX,BARNAUL,RUSSIAN,BAX
BBM,BATTAMBANG,CAMBODIA,BBM
BBO,BERBERA,SOMALIA,BBO
BBQ,BARBUDA,LEEWARD IS,BBQ
BBR,BASSE TERRE,GUADELOUPE,BBR
BBU,BUCHAREST,ROMANIA,BBU
BCA,BARACOA,CUBA,BCA
BCD,BACOLOD,PHILIPPINES,BCD
BCI,BARCALDINE,AUSTRALIA,BCI
BCN,BARCELONA,SPAIN,BCN
BDA,BERMUDA,BERMUDA,BDA
BDB,BUNDABERG,AUSTRALIA,BDB
BDJ,BANJARMASIN,INDONESIA,BDJ
BDO,BANDUNG,INDONESIA,BDO
BDR,BRIDGEPORT,USA,BDR
BDS,BRINDISI,ITALY,BDS
BEF,BLUEFIELDS,NICARAGUA,BEF
BEG,BELGRADE,YUGOSLAVIA,BEG
BEH,BENTON HARBOR,USA,BEH
BEJ,BERAU,INDONESIA,BEJ
BEL,BELEM,BRAZIL,BEL
BEO,NEWCASTLE,AUSTRALIA,BEO
BER,BERLIN,GERMANY,BER
BES,BREST,FRANCE,BES
BEW,BEIRA,MOZAMBIQUE,BEW
BEY,BEIRUT,LEBANON,BEY
BFL,BAKERSFIELD,USA,BFL
BFN,BLOEMFONTEIN,S AFRICA,BFN
BFS,BELFAST,UK,BFS
BFU,BENGBU,CHINA,BFU
BGA,BUCARAMANGA,COLOMBIA,BGA
BGF,BANGUI,CEN AFR REP,BGF
BGI,BARBADOS,BARBADOS,BGI
BGM,BINGHAMTON,USA,BGM
BGO,BERGEN,NORWAY,BGO
BGR,BANGOR,USA,BGR
BHD,BELFAST,UK,BHD
BHE,BLENHEIM,NEW ZEALAND,BHE
BHH,BISHA,SAUDI ARABIA,BHH
BHI,BAHIA BLANCA,ARGENTINA,BHI
BHJ,BHUJ,INDIA,BHJ
BHK,BUKHARA,UZBEKISTAN,BHK
BHM,BIRMINGHAM,USA,BHM
BHO,BHOPAL,INDIA,BHO
BHQ,BROKEN HILL,AUSTRALIA,BHQ
BHS,BATHURST,AUSTRALIA,BHS
BHU,BHAVANAGAR,INDIA,BHU
BHX,BIRMINGHAM,U.K.,BHX
BHY,BEIHAI,CHINA,BHY
BIA,BASTIA,FRANCE,BIA
BIK,BIAK,INDONESIA,BIK
BIL,BILLINGS,USA,BIL
BIO,BILBAO,SPAIN,BIO
BIS,BISMARCK,USA,BIS
BJL,BANJUL,GAMBIA,BJL
BJM,BUJUMBURA,BURUNDI,BJM
BJS,BEIJING,CHINA,BJS
BJX,LEON/GUANAJUATO,MEXICO,BJX
BJZ,BADAJOZ,SPAIN,BJZ
BKA,MOSCOW,RUSSIAN,MOW
BKI,KOTA KINABALU,MALAYSIA,BKI
BKK,BANGKOK,THAILAND,BKK
BKO,BAMAKO,MALI,BKO
BKQ,BLACKALL,AUSTRALIA,BKQ
BKS,BENGKULU,INDONESIA,BKS
BKW,BECKLEY,USA,BKW
BLA,BARCELONA,VENEZUELA,BLA
BLF,BLUEFIELD,USA,BLF
BLG,BELAGA,MALAYSIA,BLG
BLI,BELLINGHAM,USA,BLI
BLQ,BOLOGNA,ITALY,BLQ
BLR,BANGALORE,INDIA,BLR
BLZ,BLANTYRE,MALAWI,BLZ
BME,BROOME,AUSTRALIA,BME
BMG,BLOOMINGION,USA,BMG
BMO,BHAMO,MYANMAR,BMO
BMU,BIMA,INDONESIA,BMU
BMV,BAN NE THUOT,VIETNAM,BMV
BND,BANDAR ABBAS,IRAN,BND
BNE,BRISBANE,AUSTRALIA,BNE
BNJ,BONN,GERMANY,CGN
BNK,BALLINA,AUSTRALIA,BNK
BNU,BLUMENAU,BRAZIL,BNU
BOD,BORDEAUX,FRANCE,BOD
BOG,BOGOTA,COLOMBIA,BOG
BOI,BOISE,USA,BOI
BOM,BOMBAY/MUMBAI,INDIA,BOM
BON,BONAIRE,NETHERLANDS,BON
BOO,BODO,NORWAY,BOO
BOS,BOSTON,USA,BOS
BOX,BORROLOOLA,AUSTRALIA,BOX
BPN,BALIKPAPAN,INDONESIA,BPN
BPT,BEAMONT,USA,BPT
BQT,BREST,BELARUS,BQT
BRA,BARREIRAS,BRAZIL,BRA
BRE,BREMEN,GERMANY,BRE
BRI,BARI,ITALY,BRI
BRK,BOURKE,AUSTRALIA,BRK
BRL,BURLINGTON,USA,BRL
BRM,BARQUIAIMETO,VENEZUELA,BRM
BRN,BERNE,SWITZERLAND,BRN
BRO,BROWNSVILLE,USA,BRO
BRQ,BRNO,CZECH,BRQ
BRR,BARRA,UK,BRR
BRS,BRISTOL,UK,BRS
BRU,BRUSSELS,BELGIUM,SAO
BRW,BARROW,USA,BRW
BSB,BRASILIA,BRAZIL,BSB
BSD,BAOCHAN,CHINA,BSD
BSG,BATA,EQUAT GUINEA,BSG
BSK,BISKRA,ALGERIA,BSK
BSL,BASEL,SWITZERLAND,BSL
BTM,BUTTE,USA,BTM
BTR,BARON ROUGE,USA,BTR
BTU,BINTULU,MALAYSIA,BTU
BTV,BURLINGTON,USA,BTV
BUC,BURKETOWN,AUSTRALIA,BUC
BUD,BUDAPEST,HUNGARY,BUD
BUE,BUENOS AIRES,ARGENTINA,BUE
BUF,BUFFALO,USA,BUF
BUG,BENGUELA,ANGOLA,BUG
BUH,BUCHAREST,ROMANIA,BUH
BUR,BURBANK,USA,LAX
BUS,BATUMI,GEORGIA,BUS
BVB,BOA VISTA,BRAZIL,BVB
BVC,BOA VISTA,CAPE VERDE,BVC
BVI,BIRDSVILLE,AUSTRALIA,BVI
BWE,BRAUNSCHWEIG,GERMANY,BWE
BWI,BALTIMORE,USA,BWI
BWN,BANDAR SERI BEGAWAN,BRUNEI DARUSSALAM,BWN
BWQ,BREWARRINA,AUSTRALIA,BWQ
BWT,BURNIE,AUSTRALIA,BWT
BXH,BALKHASH,KAZAKHSTAN,BXH
BXU,BUTUAN,PHILIPPINES,BXU
BZE,BELIZE CITY,BELIZE,BZE
BZL,BARISAL,BANGLADESH,BZL
BZN,BOZEMAN,USA,BZN
BZV,BRAZZAVILLE,CONGO,BZV
CAB,CABINDA,ANGOLA,CAB
CAE,COLUMBIA,USA,CAE
CAG,CAGLIARI,ITALY,CAG
CAI,CAIRO,EGYPT,CAI
CAK,AKRON/CANTON,USA,CAK
CAN,GUANGZHOU,CHINA,CAN
CAP,CAP HAITIEN,HAITI,CAP
CAS,CASABLANCA,MOROCCO,CAS
CAW,CAMPOS,BRAZIL,CAW
CAY,CAYENNE,FR GUIANA,CAY
CAZ,COBAR,AUSTRALIA,CAZ
CBB,COCHABAMBA,BOLIVIA,CBB
CBE,CUMBERLAND,USA,CBE
CBG,CAMBRIDGE,UK,CBG
CBI,CAPE BARREN ISLAND,AUSTRALIA,CBI
CBL,CIUDAD BOLIVAR,VENEZUELA,CBL
CBO,COTABATO,PHILIPPINES,CBO
CBR,CANBERRA,AUSTRALIA,CBR
CCK,COCOS ISLANDS,COCOS ISLANDS,CCK
CCP,CONCEPCION,CHILE,CCP
CCS,CARACAS,VENEZUELA,CCS
CCU,CALCUTTA,INDIA,CCU
CDC,CEDAR CITY,USA,CDC
CDG,CHARLES DE GAULLE,FRANCE,PAR
CDR,CHADRON,USA,CDR
CEB,CEBU,PHILIPPINES,CEB
CED,CEDUNA,AUSTRALIA,CED
CEI,CHIANG RAI,THAILAND,CEI
CEN,CIUDAD OBREGON,MEXICO,CEN
CEQ,CANNES,FRANCE,CEQ
CER,CHERBOURG,FRANCE,CER
CEZ,CORTEZ,USA,CEZ
CFE,CLERMONT-FERRAND,FRANCE,CFE
CFN,DONEGAL,IRELAND,CFN
CFR,CAEN,FRANCE,CFR
CFS,COFFS HARBOUR,AUSTRALIA,CFS
CGB,CUIABA,BRAZIL,CGB
CGH,SAO PAULO,BRAZIL,CGH
CGK,JAKARTA SOEKARNO-HAT,INDONESIA,JKT
CGN,COLOGNE,GERMANY,CGN
CGO,ZHENGZHOU,CHINA,CGO
CGP,CHITTAGONG,BANGLADESH,CGP
CGQ,CHANGCHUN,CHINA,CGQ
CGR,CAMPO GRANDE,BRAZIL,CGR
CGX,CHICAGO MEIGS FIELD,USA,CHI
CHA,CHATTANOOGA,USA,CHA
CHC,CHRISTCHURCH,NEW ZEALAND,CHC
CHI,CHICAGO,USA,CHI
CHM,CHIMBOTE,PERU,CHM
CHS,CHARLESTON,USA,CHS
CHT,CHATHAM ISLAND,NEW ZEALAND,CHT
CHY,CHOISEUL BAY,SOLOMON IS,CHY
CIA,ROME,ITALY,CIA
CIC,CHICO,USA,CIC
CID,CEDAR RAPIDS,USA,CID
CIJ,COBIJA,BOLIVIA,CIJ
CIU,SAULT SAINTE MARIE,USA,CIU
CIX,CHICLAYO,PERU,CIX
CJA,CAJAMARCA,PERU,CJA
CJB,COIMBATORE,INDIA,CJB
CJL,CHITRAL,PAKISTAN,CJL
CJS,CIUDAD JUAREZ,MEXICO,CJS
CJU,CHEJU,KOREA,CJU
CKB,CLARKSBURG,USA,CKB
CKY,CONAKRY,GUINEA,CKY
CLD,CARLSBAD,USA,CLD
CLE,CLEVELAND,USA,CLE
CLJ,CLUJ,ROMANIA,CLJ
CLO,CALI,COLOMBIA,CLO
CLT,CHARLOTTE,USA,CLT
CMA,CUNNAMULLA,AUSTRALIA,CMA
CMB,COLOMBO,SRI LANKA,CMB
CMD,COOTAMUNDRA,AUSTRALIA,CMD
CME,CIUDAD DEL CARMEN,MEXICO,CME
CMH,COLUMBUS,USA,CMH
CMN,CASABLANCA,MOROCCO,CMN
CMW,CAMAGUEY,CUBA,CMW
CMX,HANCOCK,USA,CMX
CNB,COONAMBLE,AUSTRALIA,CNB
CND,CONSTANTA,ROMANIA,CND
CNJ,CLONCURRY,AUSTRALIA,CNJ
CNM,CARLSBAD,USA,CNM
CNQ,CORRIENTES,ARGENTINA,CNQ
CNS,CAIRNS,AUSTRALIA,CNS
CNX,CHIANG MAI,THAILAND,CNX
COK,COCHIN,INDIA,COK
COO,COTONOU,BENIN,COO
COR,CORDOBA,ARGENTINA,COR
COS,COLORADO,USA,COS
COU,COLUMBIA,USA,COU
CPC,SAN MARTIN,ARGENTINA,CPC
CPD,COOBER PEDY,AUSTRALIA,CPD
CPE,CAMPECHE,MEXICO,CPE
CPH,COPENHANGEN,DENMARK,CPH
CPO,COPIAPO,CHILE,CPO
CPQ,CAMPINAS,BRAZIL,CPQ
CPR,CASPER,USA,CPR
CPT,CAPE TOWN,S AFRCIA,CPT
CPV,CAMPINA GRANDE,BRAZIL,CPV
CRD,COMODORO RIVADAVIA,ARGENTINA,CRD
CRQ,CARAVELAS,BRAZIL,CRQ
CRU,CARRIACOU,GRENADA,CRU
CRW,CHARLESTON,USA,CRW
CSG,COLUMBUS,USA,CSG
CSI,CASINO,AUSTRALIA,CSI
CSX,CHANGSHA,CHINA,CSX
CTA,CATANIA,ITALY,CTA
CTC,CATAMARCA,ARGENTIA,CTC
CTG,CARTAGENA,COLOMBIA,CTG
CTL,CHARLEVILLE,AUSTRALIA,CTL
CTN,COOKTOWN,AUSTRALIA,CTN
CTS,SAPPORO CHITOSE,JAPAN,SPK
CTU,CHENGDU,CHINA,CTU
CUE,CUENCA,ECUADOR,CUE
CUJ,CULION,PHILIPPINES,CUJ
CUL,CULIACAN,MEXICO,CUL
CUM,CUMANA,VENEZUELA,CUM
CUR,CURACAO,NETHERLANDS ANTILLES,CUR
CUU,CHIHUAHUA,MEXICO,CUU
CUY,CUE,AUSTRALIA,CUY
CUZ,CUZCO,PERU,CUZ
CVG,CINCINNATI,USA,CVG
CVM,CIUDAD VICTORIA,MEXICO,CVM
CVN,CLOVIS,USA,CVN
CVQ,CARNARVON,AUSTRALIA,CVQ
CWB,CURITIBA,BRAZIL,CWB
CWL,CARDIFF,UK,CWL
CWT,COWRA,AUSTRALIA,CWT
CXH,VANCOUVER,CANADA,YVR
CXP,CILACAP,INDONESIA,CXP
CYB,CAYMAN BRAC,CAYMAN ISLAND,CYB
CYI,CHIAYI,TAIWAN,CYI
CYS,CHEYENNE,USA,CYS
CZE,CORO,VENEZUELA,CZE
CZH,COROZAL,BELIZE,CZH
CZL,CONSTANTINE,ALGERIA,CZL
CZM,COZUMEL,MEXICO,CZM
CZS,CRUZEIRO DO SUL,BRAZIL,CZS
CZU,COROZAL,COLOMBIA,CZU
CZX,CHANGZHOU,CHINA,CZX
DAC,DHAKA,BANGLADESH,DAC
DAL,DALLAS,USA,DAL
DAM,DAMASCUS,SYRIAN,DAM
DAY,DAYTON,USA,DAY
DBA,DALBANDIN,PAKISTAN,DBA
DBO,DUBBO,AUSTRALIA,DBO
DBQ,DUBUQUE,USA,DBQ
DCA,WASHINGION,USA,DCA
DEC,DECATUR,USA,DEC
DEL,DELHI,INDIA,DEL
DEN,DENVER,USA,DEN
DFW,DALLAS,USA,DFW
DGO,DURANGO,MEXICO,DGO
DGT,DUMAGUETE,PHILIPPINES,DGT
DHA,DHAHRAN,SAUDI ARABIA,DHA
DHN,DOTHAN,USA,DHN
DIJ,DIJON,FRANCE,DIJ
DIK,DICKINSON,USA,DIK
DIL,DILI,INDONESIA,DIL
DIN,DIEN BIEN PHU,VIETNAM,DIN
DIR,DIRE DAWA,ETHIOPIA,DIR
DIY,DIYARBAKIR,TURKEY,DIY
DJB,JAMBI,INDONESIA,DJB
DJG,DJANET,ALGERIA,DJG
DJJ,JAYAPURA,INDONESIA,DJJ
DKR,DAKAR,SENEGAL,DKR
DLA,DOUALA,CAMERNOON,DLA
DLC,DALIAN,CHINA,DLC
DLH,DULUTH,USA,DLH
DLU,DALI CITY,CHINA,DLU
DND,DUNDEE,UK,DND
DNQ,DENILIQUIN,AUSTRALIA,DNQ
DNV,DANVILLE,USA,DNV
DOG,DONGOLA,SUDAN,DOG
DPO,DEVONPORT,AUSTRALIA,DPO
DPS,DENPASAR,INDONESIA,DPS
DRB,DERBY,AUSTRALIA,DRB
DRO,DURANGO,USA,DRO
DRS,DRESDEN,GERMANY,DRS
DRW,DARWIN,AUSTRALIA,DRW
DSM,DES MOINES,USA,DSM
DTM,DORTMUND,GERMANY,DTM
DTT,DETROIT,MI USA,DTT
DUB,DUBLIN,IRELAND,DUB
DUR,DURBAN,S AFRICA,DUR
DUS,DUSSELDORF,GERMANY,DUS
DXB,DUBAI,UAE,DXB
EAU,EAU CLAIRE,USA,EAU
EBB,ENTEBBE/KAMPALA,UGANDA,EBB
EBD,EI OBEID,SUDAN,EBD
EBJ,ESBJERG,DENMARK,EBJ
EBU,ST ETIENNE,FRANCE,EBU
EC,,,EC
EDI,EDINBURGH,UK,EDI
EFD,HOUSTON,USA,EFD
EGN,GENEINA,SUDAN,EGN
EGO,BELGOROD,RUSSIAN,EGO
EIN,EINDHOVEN,NETHERLANDS,EIN
EKO,ELKO,USA,EKO
ELD,EI DORADO,USA,ELD
ELE,EI REAL,PANAMA,ELE
ELF,EI FASHER,SUDAN,ELF
ELI,ELMIRA,USA,ELI
ELP,EI PASO,USA,ELP
ELS,EAST LONDON,S AFRICA,ELS
ELY,ELY,USA,ELY
EMD,EMERALD,AUSTRALIA,EMD
EME,EMDEN,GERMANY,EME
EMN,NEMA,MAURITANIA,EMN
ENE,ENDE,INDONESIA,ENE
ENO,ENCARNACION,PARAGUAY,ENO
ENS,ENSCHEDE,NETHERLANDS,ENS
ENU,ENUGU,NIGERIA,ENU
ENY,YAN'AN,CHINA,ENY
EPR,ESPERANCE,AUSTRALIA,EPR
EQS,ESQUEL,ARGENTINA,EQS
ERF,ERFURT,GERMANY,ERF
ERI,ERIE,USA,ERI
ERN,EIRUNEPE,BRAZIL,ERN
ERS,WINDHOEK,NAMIBIA,ERS
ERZ,ERZURUM,TURKEY,ERZ
ESB,ANKARA,TURKEY,ESB
ESL,ELISTA,RUSSIAN,ESL
ESR,EI SALVADOR,CHILE,ESR
ESS,ESSEN,GERMANY,ESS
ETZ,METZ,FRANCE,ETZ
EUG,EUGENE,USA,EUG
EVN,YEREAVAN,ARMENIA,EVN
EVV,EVANSVILLE,USA,EVV
EWB,NEW BEDFORD,USA,EWB
EWN,NEW BERN,USA,EWN
EWR,NEWARK INTL,USA,NYC
EXT,EXETER,UK,EXT
EYW,KEY WEST,USA,EYW
FAI,FAIRBANKS,USA,FAI
FAR,FARGO,USA,FAR
FAT,FRESNO,USA,FAT
FAY,FAYETTEVILLE,USA,FAY
FBM,LUBUMBASHI,ZAIRE,FBM
FBU,OSLO,NORWAY,FBU
FCO,ROME,ITALY,ROM
FDF,FORT DE FRANCE,MARTINIQUE,FDF
FEG,FERGANA,UZBEKISTAN,FEG
FEZ,FEZ,MOROCCO,FEZ
FIE,FAIR ISLE,UK,FIE
FIH,KINSHASA,ZAIRE,FIH
FKI,KISANGANI,ZAIRE,FKI
FKQ,FAK FAK,INDONESIA,FKQ
FLL,FORT LAUDERDALE,USA,FLL
FLR,FLORENCE,ITALY,FLR
FLS,FLINDERS ISLAND,AUSTRALIA,FLS
FMA,FORMOSA,ARGENTINA,FMA
FMN,FARMINGRON,USA,FMN
FMO,MUNSTER,GERMANY,FMO
FNA,FREETOWN,SIERRA LEONE,FNA
FNI,NIMES,FRANCE,FNI
FNT,FLINT,USA,FNT
FOC,FUZHOU,CHINA,FOC
FPO,FREEPORT,BAHAMAS,FPO
FRA,FRANKFUT,GERMANY,FRA
FRB,FORBES,AUSTRALIA,FRB
FRU,BISHKEK,KYRGYZTAN,FRU
FRW,FRANCISTOWN,BOTSWANA,FRW
FSD,SIOUX FALLS,USA,FSD
FSM,FORT SMITH,USA,FSM
FUJ,FUKUE,JAPAN,FUJ
FUK,FUKUOKA,JAPAN,FUK
FWA,FORT WAYNE,USA,FWA
FYN,FUYUN,CHINA,FYN
FYU,FORT YUKON,USA,FYU
FYV,FAYETTEVILLE,USA,FYV
GAJ,YAMAGATA,JAPAN,GAJ
GAQ,GAO,MALI,GAQ
GAR,GARAINA,PAPUA NEW GUINEA,GAR
GAU,GAUAHATI,INDIA,GAU
GBE,GABORONE,BOTSWANA,GBE
GBG,GALESBURG,USA,GBG
GBZ,GREAT BARRIER ISLAND,NEW ZEALAND,GBZ
GCK,GARDEN CITY,USA,GCK
GCM,GRAND CAYMAN ISLAND,CAYMAN IS,GCM
GCN,GRAND CAYON,USA,GCN
GDL,GUADALAJARA,MEXICO,GDL
GDN,GDANSK,POLAND,GDN
GDQ,GONDAR,ETHIOPIA,GDQ
GDV,GLENDIVE,USA,GDV
GDX,MAGADAN,RUSSIAN,GDX
GEG,SPOKANE,USA,GEG
GEO,GEORGETOWN,GUYANA,GEO
GET,GERALDTON,AUSTRALIA,GET
GEV,GALLIVARE,SWEDEN,GEV
GFF,GRIFFITH,AUSTRALIA,GFF
GFK,GRAND FORKS,USA,GFK
GFN,GRAFTON,AUSTRALIA,GFN
GGG,LONGVIEW,USA,GGG
GGT,GEORGE TOWN,BAHAMAS,GGT
GGW,GLASGOW,USA,GGW
GHA,GHARDAIA,ALGERIA,GHA
GIB,GIBRALTAR,GIBRALTAR,GIB
GIG,RIO DE JANEIRO,BRAZIL,GIG
GIL,GILGIT,PAKISTAN,GIL
GIS,GISBORNE,NEW ZEALAND,GIS
GLA,GLASGOW,UK,GLA
GLH,GREENVILLE,USA,GLH
GLI,GLEN INNES,AUSTRALIA,GLI
GLT,GLADSTONE,AUSTRALIA,GLT
GME,GOMEL,BELARUS,GME
GMP,SEOUL GIMPO INTL,,SEL
GNB,GRENOBLE,FRANCE,GNB
GND,GRENADA,GRENADA,GND
GOA,GENOA,ITALY,GOA
GOI,GOA,INDIA,GOI
GPZ,GRAND RAPIDS,USA,GPZ
GRB,GREEN BAY,USA,GRB
GRI,GRAND ISLAND,USA,GRI
GRQ,GRONINGEN,NETHERLANDS,GRQ
GRR,GRAND RAPIDS,USA,GRR
GRU,SAO PAULO,BRAZIL,SAO
GRZ,GRAZ,AUSTRIA,GRZ
GSO,GREENSBORO,USA,GSO
GSP,GREENVILLE,USA,GSP
GTE,GROOTE EYLANDT,AUSTRALIA,GTE
GTF,GREAT FALLS,USA,GTF
GUA,GUATEMALA CITY,GUATEMALA,GUA
GUM,GUAM,GUAM,GUM
GUP,GALLUP,USA,GUP
GVA,GENEVA,SWITZERLAND,GVA
GVX,GAVLE,SWEDEN,GVX
GWD,GWADAR,PAKISTAN,GWD
GWL,GWALIOR,INDIA,GWL
GWY,GALWAY,IRELAND,GWY
GYA,GUAYARAMERIN,BOLIVIA,GYA
GYE,GUAYAQUIL,ECUADOR,GYE
GYM,GUAYMAS,MEXICO,GYM
GYN,GOIANIA,BRAZIL,GYN
GYY,CHICAGO,USA,GYY
HAH,MORONI,COMOROS,HAH
HAJ,HANOVER,GERMANY,HAJ
HAK,HAIKOU,CHINA,HAK
HAM,HAMBURG,GERMANY,HAM
HAN,HANOI,VIETNAM,HAN
HAP,LONG ISLAND,AUSTRALIA,HAP
HAR,HARRISBURG,USA,HAR
HAS,HAIL,SAUDI ARABIA,HAS
HAU,HAUGESUND,NORWAY,HAU
HAV,HAVANA,CUBA,HAV
HBA,HOBART,AUSTRALIA,HBA
HCR,HOLY CROSS,USA,HCR
HDD,HYDERBAD,PAKISTAN,HDD
HEA,HAIFA,ISRAEL,HEA
HEL,HELSINKI,FINLAND,HEL
HFD,HARTFORD,USA,HFD
HFE,HEFEI,CHINA,HFE
HFT,HAMMERFEST,NORWAY,HFT
HGD,HUGHEN,AUSTRALIA,HGD
HGH,HANGZHOU,CHINA,HGH
HGL,HELGOLAND,GERMANY,HGL
HGR,HAGERSTOWN,USA,HGR
HIB,HIBBING,USA,HIB
HIJ,HIROSHIMA,JAPAN,HIJ
HIN,CHINJU,KOREA,HIN
HIR,HONIARA,SOLOMON IS,HIR
HKD,HAKODATE,,HKD
HKG,HONG KONG,HONG KONG,HKG
HKK,HOKITIKA,NEW ZEALAND,HKK
HKT,PHUKET,THAILAND,HKT
HLD,HAILAR,CHINA,HLD
HLN,HELENA,USA,HLN
HLP,JAKARTA,INDONESIA,JKT
HMO,HERMOSILLO,MEXICO,HMO
HNA,MORIOKA,JAPAN,HNA
HND,TOKYO HANEDA AIRPORT,JAPAN,TYO
HNL,HONOLULU,HI USA,HNL
HNM,HANA,USA,HNM
HOB,HOBBS,USA,HOB
HOG,HOLGUIN,CUBA,HOG
HOM,HOMER,USA,HOM
HON,HURON,USA,HON
HOT,HOT SPRINGS,USA,HOT
HOU,HOUSTON,USA,HOU
HPH,HAIPHONG,VIETNAM,HPH
HRB,HARBIN,CHINA,HRB
HRE,HARARE,ZIMBABWE,HRE
HRL,HARLINGEN,USA,HRL
HSH,LAS VEGAS,USA,HSH
HSI,HUSLIA,USA,HSI
HTI,HAMILTON ISLAND,AUSTRALIA,HTI
HTN,HOTAN,CHINA,HTN
HTS,HUNTINGTON,USA,HTS
HUF,TERRE HAUTE,USA,HUF
HUN,HUALIEN,TAIWAN,HUN
HUU,HUANUCO,PERU,HUU
HUZ,HUIZHOU,CHINA,HUZ
HVR,HAVRE,USA,HVR
HYN,HUANGYAN,CHINA,HYN
HZG,HANZHONG,CHINA,HZG
IAD,WASHINGTON,USA,WAS
IAH,HOUSTON,USA,IAH
IAS,IASI,ROMANIA,IAS
IBE,IBAGUE,COLOMBIA,IBE
IBR,JONESBORO,USA,IBR
IBZ,IBIZA,SPAIN,IBZ
ICN,SEOUL-INCHEON ,KOREA,SEL
ICT,WICHITA,USA,ICT
IDA,IDAHO FALLS,USA,IDA
IDR,INDORE,INDIA,IDR
IEV,KIEV,UKRAINE,IEV
IFJ,ISAFJORDUR,ICELAND,IFJ
IGM,KINGMAN,USA,IGM
IJK,IZHEVSK,RUSSIA,IJK
IKI,IKI,JAPAN,IKI
IKT,IRKUTSK,RUSSIA,IKT
ILO,ILOILO,PHILIPPINES,ILO
ILY,ISLAY,UK,ILY
IMF,IMPHAL,INDIA,IMF
IMT,IRON MOUNTAIN,USA,IMT
INC,YINCHUAN,CHINA,INC
INN,INNSBRUCK,AUSTRIA,INN
INV,INVERNESS,UK,INV
IOM,ISLE OF MAN,UK,IOM
IOS,IIHEUS,BRAZIL,IOS
IPH,IPOH,MALAYSIA,IPH
IPT,WILLIAMSPORT,USA,IPT
IQM,QIEMO,CHINA,IQM
IQQ,IQUIQUE,CHILE,IQQ
IQT,IQUITOS,PERU,IQT
IRK,KIRKSVILLE,USA,IRK
ISN,WILLISTON,USA,ISN
ISP,LONG ISLAND,USA,ISP
IST,ISTANBUL,TURKEY,IST
ITM,OSAKA ITAMI AIRPORT,JAPAN,OSA
ITO,HILO,USA,ITO
IWD,IRONWOOD,USA,IWD
IXD,ALLAHABAD,INDIA,IXD
IXE,MANGALORE,INDIA,IXE
IXJ,JAMMU,INDIA,IXJ
IXM,MADURAI,INDIA,IXM
IXR,RANCHI,INDIA,IXR
IXS,SILCHAR,INDIA,IXS
IXZ,PORT BLAIR,ANDAMAN IS,IXZ
IZM,IZMIR,TURKEY,IZM
JAC,JACKSON,USA,JAC
JAG,JACOBABAD,PAKISTAN,JAG
JAI,JAIPUR,INDIA,JAI
JAN,JACKSON,USA,JAN
JAX,JACKSONVILLE,USA,JAX
JCA,CANNES,FRANCE,JCA
JDH,JODHPUR,INDIA,JDH
JDO,JUAZEIRO DO NORTE,BRAZIL,JDO
JED,JEDDAH,SAUDI ARABIA,JED
JER,JERSEY,UK,JER
JFK,JOHN F KENNEDY INTL,USA,NYC
JGA,JAMNAGAR,INDIA,JGA
JGC,GRAND CANYON,USA,JGC
JGN,JIAYUGUAN,CHINA,JGN
JHB,JOHOR BAHRU,MALAYSIA,JHB
JHG,JINGHONG,CHINA,JHG
JHW,JAMESTOWN,USA,JHW
JIB,DJIBOUTI,DJIBOUTI,JIB
JIL,JILIN,CHINA,JIL
JIU,JIUJIANG,CHINA,JIU
JKT,JAKARTA,INDONESIA,JKT
JLR,JABALPUR,INDIA,JLR
JMM,MALMO,SWEDEN,JMM
JMS,JAMESTOWN,USA,JMS
JMU,JIAMUSI,CHINA,JMU
JNB,JOHANNESBURG,S AFRICA,JNB
JNU,JUNEAU,USA,JNU
JNZ,JINZHOU,CHINA,JNZ
JOG,YOGYAKARTA,INDONESIA,JOG
JON,JOHNSTON ISLAND,,JON
JOS,JOS,NIGERIA,JOS
JPA,JOAO PESSOA,BRAZIL,JPA
JRO,KILIMANJARO,TANZANIA,JRO
JRS,JERUSALEM,ISRAEL,JRS
JST,JOHNSTOWN,USA,JST
JUL,JULIACA,PERU,JUL
JUM,JUMLA,NEPAL,JUM
JUV,UPERNAVIK,GREENLAND,JUV
JYV,JYVASKYLA,FINLAND,JYV
KAB,KARIBA,ZIMBABWE,KAB
KAD,KADUNA,NIGERIA,KAD
KAN,KANO,NIGERIA,KAN
KAT,KAITAIA,NEW ZEALAND,KAT
KBL,KABUL,AFGHANISTAN,KBL
KBP,KIEV,UKRAINE,KBP
KBR,KOTA BHARU,MALAYSIA,KBR
KBZ,KAIKOURA,NEW ZEALAND,KBZ
KCA,KUQA,CHINA,KCA
KCH,KUCHING,MALAYSIA,KCH
KCZ,KOCHI,JAPAN,KCZ
KDI,KENDARI,INDONESIA,KDI
KEF,REYKJAVIK,ICELAND,KEF
KEL,KIEL,GERMANY,KEL
KEM,KEMI,FINLAND,KEM
KER,KERMAN,IRAN,KER
KET,KENGTUNG,MYANMER,KET
KFA,KIFFA,MAURITANIA,KFA
KGI,KALGOORLIE,AUSTRALIA,KGI
KGL,KIGALI,RWANDA,KGL
KHE,KHERSON,UKRAINE,KHE
KHH,KAOHSIUNG,TAIWAN R.O.C.,KHH
KHI,KARACHI,,KHI
KIN,KINGSTON,JAMAICA,KIN
KIS,KISUMU,KENYA,KIS
KIX,OSAKA KANSAI INTL,JAPAN,OSA
KKC,KHON KAEN,THAILAND,KKC
KKD,KOKODA,PAPUA NEW GUINEA,KKD
KKJ,KITA KYUSHU,JAPAN,KKJ
KKN,KIRKENES,NORWAY,KKN
KMG,KUNMING,P R CHINA,KMG
KMI,MIYAZAKI,JAPAN,KMI
KMJ,KUMAMOTO,JAPAN,KMJ
KMQ,KOMATSU,JAPAN,KMQ
KND,KINDU,ZAIRE,KND
KNH,KINMEN,TAIWAN,KNH
KNS,KING ISLAND,AUSTRALIA,KNS
KNX,KUNUNURRA,AUSTRALIA,KNX
KOE,KUPANG,INDONESIA,KOE
KOI,KIRKWALL,UK,KOI
KOJ,KAGOSHIMA,JAPAN,KOJ
KOK,KOKKOLA,FINLAND,KOK
KOV,KOKSHETAU,KAZAKHSTAN,KOV
KOW,GANZHOU,CHINA,KOW
KPS,KEMPSEY,AUSTRALIA,KPS
KPV,PERRYVILLE,USA,KPV
KRB,KARUMBA,AUSTRALIA,KRB
KRI,KIKORI,PAPUA NEW GUINEA,KRI
KRL,KORLA,CHINA,KRL
KRN,KIRUNA,SWEDEN,KRN
KRO,KURGAN,RUSSIA,KRO
KRY,KARAMAY,CHINA,KRY
KSD,KARLSTAD,SWEDEN,KSD
KSQ,KARSHI,UZBEKISTAN,KSQ
KSZ,KOTLAS,RUSSIA,KSZ
KTM,KATHMANDU,NEPAL,KTM
KTN,KETCHIKAN,USA,KTN
KTR,KATHERINE,AUSTRALIA,KTR
KTW,KATOWICE,POLAND,KTW
KUA,KUANTAN,MALAYSIA,KUA
KUD,KUDAT,MALAYSIA,KUD
KUH,KUSHIRO,JAPAN,KUH
KUI,KARACHI,PAKISTAN,KUI
KUL,KUALA LUMPUR,MALAYSIA,KUL
KUM,YAKUSHIMA,JAPAN,KUM
KUN,KAUNAS,LITHUANIA,KUN
KUO,KUOPIO,FINLAND,KUO
KVD,GYANDZHA,AZERBAIJAN,KVD
KWI,KUWAIT,KUWAIT,KWI
KWL,GUILIN,CHINA,KWL
KZN,KAZAN,RUSSIA,KZN
LAA,LAMAR,USA,LAA
LAD,LUANDA,ANGOLA,LAD
LAF,LAFAYETTE,USA,LAF
LAN,LANSING,USA,LAN
LAO,LAOAG,PHILIPPINES,LAO
LAP,LA PAZ,MEXICO,LAP
LAR,LARAMIE,USA,LAR
LAS,LAS VEGAS,USA,LAS
LAW,LAWTON,USA,LAW
LAX,LOS ANGELES,USA,LAX
LBB,LUBBOCK,USA,LBB
LBF,NORTH PLATTE,USA,LBF
LBL,LIBERAL,USA,LBL
LBV,LIBREVILLE,GABON,LBV
LBX,LUBANG,PHILIPPINES,LBX
LCH,LAKE CHARLES,USA,LCH
LCY,LONDON,UK,LON
LDI,LINDI,TANZANIA,LDI
LDU,LAHAD DAFU,MALAYSIA,LDU
LDY,LONDONDERRY,UK,LDY
LEB,LEBANON,USA,LEB
LED,ST PETERSBURG,RUSSIAN,LED
LEH,LE HAVRE,FRANCE,LEH
LEJ,LEIPZIG,GERMANY,LEJ
LFT,LAFAYETTE,USA,LFT
LFW,LOME,TOGO,LFW
LGA,LA GUARDIA,USA,NYC
LGB,LONG BEACH,USA,LAX
LGH,LEIGH CREEK,AUSTRALIA,LGH
LGK,LANGKAWI,MALAYSIA,LGK
LGP,LEGASPI,PHILIPPINES,LGP
LGW,LONDON GATWICK,UK,LON
LHE,LAHORE,PAKISTAN,LHE
LHR,LONDON HEATHROW,UK,LON
LHW,LANZHOU,CHINA,LHW
LIG,LIMOGES,FRANCE,LIG
LIH,KAUAI ISLAND,USA,LIH
LIL,LILLE,FRANCE,LIL
LIM,LIMA,PERU,LIM
LIN,MILAN,ITALY,MIL
LIR,LIBERIA,COSTA RICA,LIR
LIS,LISBON,PORTUGAL,LIS
LIT,LITTLE ROCK,USA,LIT
LJU,LJUBLJANA,SLOVENIA,LJU
LKO,LUCKNOW,INDIA,LKO
LLA,LULEA,SWEDEN,LLA
LLW,LILONGWE,MALAWI,LLW
LNS,LANCASTER,USA,LNS
LNY,LANAI CITY,USA,LNY
LNZ,LINZ,AUSTRIA,LNZ
LON,LONDON,UK,LON
LOS,LAGOS,NIGERIA,LOS
LPB,LA PAZ,BOLIVIA,LPB
LPL,LIVERPOOL,UK,LPL
LPT,LAMPANG,THAILAND,LPT
LRD,LAREDO,USA,LRD
LRE,LONGREACH,AUSTRALIA,LRE
LRH,LA ROCHELLE,FRANCE,LRH
LRT,LORIENT,FRANCE,LRT
LTN,LONDON,UK,LON
LUD,LUDERITZ,NAMIBIA,LUD
LUN,LUSAKA,ZAMBIA,LUN
LUX,LUXEMBOURG,LUXEMBOURG,LUX
LVI,LIVINGSTONE,ZAMBIA,LVI
LVO,LAVERTON,AUSTRALIA,LVO
LWT,LEWISTOWN,USA,LWT
LXA,LHASA,CHINA,LXA
LXR,LUXOR,EGYPT,LXR
LYA,LUOYANG,CHINA,LYA
LYG,LIANYUNGANG,CHINA,LYG
LYH,LYNCHBURG,USA,LYH
LYS,LYON,FRANCE,LYS
LYU,ELY,USA,LYU
LZH,LIUZHOU,CHINA,LZH
LZO,LUZHOU,CHINA,LZO
MAA,MADRAS,INDIA,MAA
MAD,MADRID,SPAIN,MAD
MAF,MIDLAND,USA,MAF
MAN,MANCHESTER,UK,MAN
MAO,MANAUS,BRAZIL,MAO
MBA,MOMBASA,KENYA,MBA
MBE,MONBETSU,JAPAN,MBE
MBH,MARYBOROUGH,AUSTRALIA,MBH
MBJ,MONTEGO BAY,JAMAICA,MBJ
MBL,MANISTEE,USA,MBL
MBP,MOYOBAMBA,PERU,MBP
MBS,SAGINAW,USA,MBS
MCG,MCGRATH,USA,MCG
MCI,KANSAS CITY,USA,MCI
MCK,MCCOOK,USA,MCK
MCM,MONTE CARLO,MONACO,MCM
MCN,MACON,USA,MCN
MCO,ORLANDO INTL,USA,ORL
MCP,MACAPA,BRAZIL,MCP
MCT,MUSCAT,OMAN,MCT
MCU,MONTLUCON,FRANCE,MCU
MCX,MAKHACHKALA,RUSSIA,MCX
MCZ,MACEIO,BRAZIL,MCZ
MDC,MANADO,INDONESIA,MDC
MDE,MEDELLIN,COLOMBIA,MDE
MDG,MUDAJIANG,CHINA,MDG
MDK,MBANDAKA,ZAIRE,MDK
MDL,MANDALAY,MYANMAR,MDL
MDT,HARRISBURG,USA,MDT
MDW,CHICAGO MIDWAY,USA,CHI
MEI,MERIDIAN,USA,MEI
MEL,MELBOURNE,AUSTRALIA,MEL
MEM,MEMPHIS,USA,MEM
MES,MEDAN,INDONESIA,MES
MEX,MEXICO CITY,MEXICO,MEX
MFM,MACAU,MACAU,MFM
MFR,MEDFORD,USA,MFR
MGD,MAGDALENA,BOLIVIA,MGD
MGM,MONTGOMERY,USA,MGM
MHD,MASHAD,IRAN,MHD
MHE,MITCHELL,USA,MHE
MHT,MANCHESTER,USA,MHT
MIA,MIAMI,USA,MIA
MID,MERIDA,MEXICO,MID
MIE,MUNCIE,USA,MIE
MIL,MILAN,ITALY,MIL
MKC,KANSAS CITY,USA,MKC
MKE,MILWAUKEE,USA,MKE
MKG,MUSKEGON,USA,MKG
MKL,JACKSON,USA,MKL
MKR,MEEKATHARRA,AUSTRALIA,MKR
MKY,MACKAY,AUSTRALIA,MKY
MKZ,MALACCA,MALAYSIA,MKZ
MLB,MELBOURNE,USA,MLB
MLI,MOLINE,USA,MLI
MLL,MARSHALL,USA,MLL
MLM,MORELIA,MEXICO,MLM
MLN,MELILLA,SPAIN,MLN
MLS,MILES CITY,USA,MLS
MLU,MONROE,USA,MLU
MLW,MONROVIA,LIBERIA,MLW
MLX,MALATYA,TURKEY,MLX
MMA,MALMO,SWEDEN,MMA
MMJ,MATSUMOTO,JAPAN,MMJ
MMY,MIYAKO JIMA,JAPAN,MMY
MNI,MONTSERRAT,MONTSERRAT,MNI
MNL,MANILA,PHILIPPINES,MNL
MOF,MAUMERE,INDONESIA,MOF
MOT,MINOT,USA,MOT
MOW,MOSCOW,RUSSIA,MOW
MPB,MIAMI,USA,MIA
MPL,MONTPELLIER,FRANCE,MPL
MPM,MAPUTO,MOZAMBIQUE,MPM
MPW,MARIUPOL,UKRAINE,MPW
MQT,MARQUETTE,USA,MQT
MRS,MARSEILLA,FRANCE,MRS
MRU,MAURITIUS,MAURITUIUS,MRU
MRY,MONTEREY,USA,MRY
MSN,MADISON,USA,MSN
MSO,MISSOULA,USA,MSO
MSQ,MINSK,BELARUS,MSQ
MSY,NEW ORLENS,USA,MSY
MTO,MATTON,USA,MTO
MTR,MONTERIA,COLOMBIA,MTR
MTY,MONTERREY,MEXICO,MTY
MUC,MUNICH,GERMANY,MUC
MWA,MARION,USA,MWA
MWH,MOSES LAKE,USA,MWH
MXP,MILAN,ITALY,MIL
MZG,MAKUNG,TAIWAN,MZG
MZT,MAZATLAN,MEXICO,MZT
NAA,NARRABRI,AUSTRALIA,NAA
NAO,NANCHONG,CHINA,NAO
NAP,NAPLES,ITALY,NAP
NAS,NASSAU,BAHAMAS,NAS
NAY,BEIJING,CHINA,BJS
NBO,NAIROBI,KENYA,NBO
NCE,NICE,FRANCE,NCE
NCL,NEWCASTLE,UK,NCL
NCR,SAN CARLOS,NICARAGUA,NCR
NDG,QIQIHAR,CHINA,NDG
NEH,ENSHI,CHINA,NEH
NGB,NINGBO,CHINA,NGB
NGO,NAGOYA,JAPAN,NGO
NGS,NAGASAKI,JAPAN,NGS
NHA,NHA-TRANG,VIETNAM,NHA
NIM,NIAMEY,NIGER,NIM
NKG,NANJING,CHINA,NKG
NNG,NANNING,CHINA,NNG
NNK,NAKNEK,USA,NNK
NNY,NANYANG,CHINA,NNY
NOU,NOUMEA,NEW CALEDONIA,NOU
NRT,TOKYO NARITA AIRPORT,JAPAN,TYO
NSN,NELSON,NEW ZEALAND,NSN
NTE,NANTES,FRANCE,NTE
NTG,NANTONG,CHINA,NTG
NTL,NEWCASTLE,AUSTRALIA,NTL
NUE,NUREMBERG,GERMANY,NUE
NVA,NEIVA,COLOMBIA,NVA
NVK,NARVIK,NORWAY,NVK
NWI,NORWICH,UK,NWI
NYC,NEW YORK,USA,NYC
NYM,NADYM,RUSSIA,NYM
NYN,NYNGAN,AUSTRALIA,NYN
OAG,ORANGE,USA,OAG
OAJ,JACKSONVILLE,USA,OAJ
OAK,OAKLAND,USA,SFO
OAX,OAXOCA,MEXICO,OAX
OBO,OBIHIRO,JAPAN,OBO
ODE,ODENSE,DENMARK,ODE
OFK,NORFOLK,USA,OFK
OGS,OGDENSBURG,USA,OGS
OGX,OUARGLA,ALGERIA,OGX
OIT,OITA,JAPAN,OIT
OKA,OKINAWA,JAPAN,OKA
OKC,OKLAHOMA CITY,USA,OKC
OKD,SAPPORO OKADAMA,JAPAN,SPK
OKJ,OKAYAMA,JAPAN,OKJ
OMA,OMAHA,USA,OMA
OME,NOME,USA,OME
ONT,ONTARIO,USA,ONT
OOL,GOLD COAST,AUSTRALIA,OOL
ORB,OREBRO,SWEDEN,ORB
ORD,CHICAGO O HARE INTL,USA,CHI
ORF,NORFOLK,USA,ORF
ORH,WORCESTER,USA,ORH
ORL,ORLANDO HERNDON,USA,ORL
ORN,ORAN,ALGERIA,ORN
ORW,ORMARA,PAKISTAN,ORW
ORY,ORLY,,PAR
OSA,OSAKA,JAPAN,OSA
OSD,OSTERSUND,SWEDEN,OSD
OSH,OSHKOSH,USA,OSH
OSI,OSIJEK,CROATIA,OSI
OSK,OSKARSHAMN,SWEDEN,OSK
OSL,OSLO,NORWAY,OSL
OSR,OSTRAVA,CZECH,OSR
OSS,OSH,KYRGYZTAN,OSS
OSW,ORSK,RUSSIA,OSW
OSY,NAMSOS,NORWAY,OSY
OTZ,KOTZEBUE,USA,OTZ
OUA,OUAGADOUGOU,BURKINA FASO,OUA
OUD,OUJDA,MOROCCO,OUD
OUE,OUESSO,CONGO,OUE
OUL,OULU,FINLAND,OUL
OXB,BISSAU,GUINEA-BISSAU,OXB
PAC,PANAMA CITY,PANAMA,PAC
PAR,PARIS,FRANCE,PAR
PAT,PATNA,INDIA,PAT
PBC,PUEBLA,MEXICO,PBC
PBI,PALM BEACH,USA,PBI
PBM,PARAMARIBO,SURINAME,PBM
PDT,PENDLETON,USA,PDT
PDX,PORTLAND,USA,PDX
PEK,PEKING,CHINA,BJS
PEN,PENANG,MALAYSIA,PEN
PER,PERTH,AUSTRALIA,PER
PFN,PANAMA CITY,USA,PFN
PGF,PERPIGNAN,FRANCE,PGF
PGV,GREENVILLE,USA,PGV
PHF,NEWPORT NEWS,USA,PHF
PHL,PHILADELPHIA,USA,PHL
PHX,PHOENIX,USA,PHX
PIA,PEORIA,USA,PIA
PIE,ST PETERSBURG,USA,PIE
PIF,PINGTUNG,TAIWAN,PIF
PIH,POCATELLO,USA,PIH
PIK,GLASGOW,UK,PIK
PIR,PIERRE,USA,PIR
PIS,POITIERS,FRANCE,PIS
PIT,PITTSBURGH,USA,PIT
PLH,PLYMOUTH,UK,PLH
PLO,PORT LINCOLN,AUSTRALIA,PLO
PMF,PARMA,ITALY,PMF
PMI,PALMA DE MALLORCA,SPAIN,PMI
PNH,PHNOM PENH,CAMBODIA,PNH
PNS,PENSACOLA,USA,PNS
POA,PORTO ALEGRE,BRAZIL,POA
POM,PORT MORESBY,PAPUA NEW GUINEA,POM
POU,POUGHKEEPSIE,USA,POU
PRG,PRAGUE,CZECH,PRG
PSA,PISA,ITALY,PSA
PTP,POINTE-A-PITRE,GUADELOUPE,PTP
PTY,PANAMA CITY,PANAMA,PTY
PUB,PUEBLO,USA,PUB
PUF,PAU,FRANCE,PUF
PVD,PROVIDENCE,USA,PVD
PVG,SHANGHAI PU DONG,,SHA
PWK,CHICAGO,USA,CHI
PWM,PORTLAND,USA,PWM
PXU,PLEIKU,VIETNAM,PXU
PZE,PENZANCE,UK,PZE
PZH,ZHOB,PAKISTAN,PZH
PZU,PORT SUDAN,SUDAN,PZU
QRO,QUERETARO,MEXICO,QRO
RAJ,RAJKOT,INDIA,RAJ
RAK,MARRAKECH,MOROCCO,RAK
RAP,RAPID CITY,USA,RAP
RBA,RABAT,MOROCCO,RBA
RCH,RIOHACHA,COLOMBIA,RCH
RDD,REDDING,USA,RDD
RDU,RALEIGH,USA,RDU
REC,RECIFE,BRAZIL,REC
REK,REYKJAVIK,ICELAND,REK
REN,OREBURG,RUSSIA,REN
REX,REYNOSA,MEXICO,REX
RFD,ROCKFORD,USA,RFD
RGA,RIO GRANDE,ARGENTINA,RGA
RGN,YANGON,MYANMAR,RGN
RHE,REIMS,FRANCE,RHE
RHI,RHINELANDER,USA,RHI
RIA,SANTA MARIA,BRAZIL,RIA
RIC,RICHMOND,USA,RIC
RIG,RIO GRANDE,BRAZIL,RIG
RIO,RIO DE JANEIRO,BRAZIL,RIO
RIW,RIVERTON,USA,RIW
RIX,RIGA,LATVIA,RIX
RJK,RIJEKA,CROATIA,RJK
RKV,REYKJAVIK,ICELAND,RKV
RMA,ROMA,AUSTRALIA,RMA
RMI,RIMINI,ITALY,RMI
RMK,RENMARK,AUSTRALIA,RMK
RNN,BORNHOLM,DENMARK,RNN
RNO,RENO,USA,RNO
RNS,RENNES,FRANCE,RNS
ROA,ROANOKE,USA,ROA
ROC,ROCHESTER,USA,ROC
ROK,ROCKHAMPTON,AUSTRALIA,ROK
ROM,ROME,ITALY,ROM
ROS,ROSARIO,ARGENTINA,ROS
ROT,ROTORUA,NEW ZEALAND,ROT
ROV,ROSTOV,RUSSIA,ROV
ROW,ROSWELL,USA,ROW
RPR,RAIPUR,INDIA,RPR
RSA,SANTA ROSA,ARGENTINA,RSA
RSJ,ROSARIO,USA,RSJ
RTA,ROTUMA ISLAND,FIJI,RTA
RTG,RUTENG,INDONESIA,RTG
RTI,ROTI,INDONESIA,RTI
RTM,ROTTERDAM,NETHERLANDS,RTM
RUH,RIYADH,SAUDI ARABIA,RUH
RWI,ROCKY MOUNT,USA,RWI
RXS,ROXAS,PHILIPPINES,RXS
SAC,SACRAMENTO,USA,SAC
SAF,SANTA FE,USA,SAF
SAH,SANAA,YEMEN,SAH
SAL,SAN SALVADOR,EI SALVADOR,SAL
SAN,SAN DIEGO,USA,SAN
SAO,SAO PAULO,BRAZIL,SAO
SAT,SAN ANTONIO,USA,SAT
SAU,SAWU,INDONESIA,SAU
SAV,SAVANNAH,USA,SAV
SBA,SANTA BARBARA,USA,SBA
SBN,SOUTH BEND,USA,SBN
SBP,SAN LUIS,USA,SBP
SBZ,SIBIU,ROMANIA,SBZ
SCC,PRUDHOE BAY,USA,SCC
SCL,SANTIAGO,CHILE,SCL
SCN,SAARBRUCKEN,GERMANY,SCN
SCO,AKTAU,KAZAKHSTAN,SCO
SCT,SOCOTRA,YEMEN,SCT
SCU,SANTIAGO,CUBA,SCU
SCV,SUCEAVA,ROMANIA,SCV
SDF,LOUISVILLE,USA,SDF
SDJ,SENDAI,JAPAN,SDJ
SDK,SANDAKAN,MALAYSIA,SDK
SDL,SUNDSVALL,SWEDEN,SDL
SDQ,SANTO DOMINGO,DOMINICAN REP,SDQ
SDU,RIO DE JANEIRO,BARZIL,SDU
SDZ,SHETLAND ISLAND,UK,SDZ
SEA,SEATTLE,USA,SEA
SEL,SEOUL,KOREA,SEL
SEY,SELIBABY,MAURITANIA,SEY
SFA,SFAX,TUNISIA,SFA
SFG,ST MARTIN,,SFG
SFN,SANTA FE,ARGENTINA,SFN
SFO,SAN FRANCISCO,USA,SFO
SFT,SKELLEFTEA,SWEDEN,SFT
SGN,HO CHI MINH CITY,VIETNAM,SGN
SGO,ST GEORGE,AUSTRALIA,SGO
SGU,ST GEORGE,USA,SGU
SGY,SKAGWAY,USA,SGY
SHA,SHANGHAI,CHINA,SHA
SHD,STAUNTON,USA,SHD
SHE,SHENYANG,CHINA,SHE
SHP,QINHUANGDAO,CHINA,SHP
SHR,SHERIDAN,USA,SHR
SHS,SHASHI,CHINA,SHS
SHV,SHREVEPORT,USA,SHV
SIA,XIAN,CHINA,SIA
SIG,SAN JUAN,PUERTO RICO,SIG
SIN,SINGAPORE,SINGAPORE,SIN
SIP,SIMFEROPOL,UKRAINE,SIP
SIT,SITKA,USA,SIT
SIX,SINGLETON,AUSTRALIA,SIX
SJC,SAN JOSE,USA,SJC
SJJ,SARAJEVO,BOSNIA,SJJ
SJO,SAN JOSE,COSTA RICA,SJO
SJT,SAN ANGELO,USA,SJT
SJU,SAN JUAN,PUERTO RICO,SJU
SKD,SAMARKAND,UZBEKISTAN,SKD
SKO,SOKOTO,NIGERIA,SKO
SKP,SKOPJE,MACEDONIA,SKP
SLA,SALTA,ARGENTINA,SLA
SLC,SALT LAKE CITY,USA,SLC
SLL,SALALAH,OMAN,SLL
SLN,SLN,UNITED STATES,SLN
SLU,ST LUCIA,ST LUCIA,SLU
SLW,SALTILLO,MEXICO,SLW
SLZ,SAO LUIZ,BRAZIL,SLZ
SMF,SACRAMENTO,USA,SMF
SMK,ST MICHAEL,USA,SMK
SMS,STE MARIE,MADAGASCAR,SMS
SMX,SANTA MARIA,USA,SMX
SNA,SANTA ANA,USA,SNA
SNN,SHANNON,IRELAND,SNN
SNO,SAKON NAKHON,THAILAND,SNO
SNP,ST PAUL ISLAND,USA,SNP
SOC,SOLO CITY,INDONESIA,SOC
SOF,SOFIA,BULGARIA,SOF
SOO,SODERHAMN,SWEDEN,SOO
SOQ,SORONG,INDONESIA,SOQ
SOU,SOUTHAMPTON,UK,SOU
SOX,SOGAMOSO,COLOMBIA,SOX
SPD,SAIDPUR,BANGLADESH,SPD
SPI,SPI,UNITED STATES,SPI
SPK,SAPPORO,JAPAN,SPK
SPR,SAN PEDRO,BELIZE,SPR
SPU,SPLIT,CROATIA,SPU
SPW,SPENCER,USA,SPW
SQC,SOUTHERN CROSS,AUSTRALIA,SQC
SQI,STERLING,USA,SQI
SRA,SANTA ROSA,BRAZIL,SRA
SRE,SUCRE,BOLIVIA,SRE
SRG,SEMARANG,INDONESIA,SRG
SRI,SAMARINDA,INDONESIA,SRI
SRN,STRAHAN,AUSTRALIA,SRN
SRQ,SARASOTA,USA,SRQ
SRZ,SANTA CRUZ,BOLIVIA,SRZ
SSA,SALVADOR,BRAZIL,SSA
SSG,MALABO,EQUAT GUINEA,SSG
SSI,BRUNSWICK,USA,SSI
SSM,SAULT SAINTE MARIE,USA,SSM
SSX,SAMSUN,TURKEY,SSX
STD,SANTO DOMINGO,VENEZUELA,STD
STG,ST GEORGE ISLAND,USA,STG
STL,ST LOUIS,USA,STL
STM,SANTAREM,BRAZIL,STM
STN,LONDON,UK,LON
STO,STOCKHOLM,SWEDEN,STO
STR,STUTTGART,GERMANY,STR
STS,SANTA ROSA,USA,STS
SUV,SUVA,FIJI,SUV
SUX,SIOUX CITY,USA,SUX
SVC,SILVER CITY,USA,SVC
SVG,STAVANGER,NORWAY,SVG
SVO,MOSCOW,RUSSIA,MOW
SVZ,SAN ANTONIO,VENEZUELA,SVZ
SWA,SHANTOU,CHINA,SWA
SWD,SEWARD,USA,SWD
SWF,SWF,UNITED STATES,SWF
SWQ,SUMBAWA,INDONESIA,SWQ
SXB,STRASBOURG,FRANCE,SXB
SXE,SALE,AUSTRALIA,SXE
SXF,BERLIN,GERMANY,SXF
SXL,SLIGO,IRELAND,SXL
SXR,SRINAGAR,INDIA,SXR
SYD,SYDNEY,AUSTRALIA,SYD
SYR,SYRACUSE,USA,SYR
SYX,SANYAN,CHINA,SYX
SYY,STORNOWAY,UK,SYY
SYZ,SHIRAZ,IRAN,SYZ
SZG,SALZBURG,AUSTRIA,SZG
SZV,SUZHOU,CHINA,SZV
SZX,SHENZHEN,CHINA,SZX
SZZ,SZCZECIN,POLAND,SZZ
TAB,TOBAGO,TRINIDAD,TAB
TAC,TACLOBAN,PHILIPPINES,TAC
TAG,TAGBILARAN,PHILIPPINES,TAG
TAK,TAKAMATSU,JAPAN,TAK
TAL,TANANA,USA,TAL
TAM,TAMPICO,MEXICO,TAM
TAO,QINGDAO,CHINA,TAO
TAP,TAPACHULA,MEXICO,TAP
TAS,TASHKENT,UZBEKISTAN,TAS
TBO,TABORA,TANZANIA,TBO
TBS,TBILISI,GEORGIA,TBS
TBZ,TABRIZ,IRAN,TBZ
TCO,TUMACO,COLOMBIA,TCO
TCQ,TACNA,PERU,TCQ
TDD,TRINIDAD,BOLIVIA,TDD
TDL,TANDIL,ARGENTINA,TDL
TGU,TEGUCIGALPA,HONDURAS,TGU
THN,TROLLHATTAN,SWEDEN,THN
THR,TEHRAN,IRAN,THR
TIJ,TIJUANA,MEXICO,TIJ
TIN,TINDOUF,ALGERIA,TIN
TIS,THURSDAY ISLAND,AUSTRALIA,TIS
TIU,TIMARU,NEW ZEALAND,TIU
TIY,TIDJIKJA,MAURITANIA,TIY
TJM,TYUMEN,RUSSIA,TJM
TKQ,KIGOMA,TANZANIA,TKQ
TKS,TOKUSHIMA,JAPAN,TKS
TKU,TURKU,FINLAND,TKU
TLE,TULEAR,MADAGASCAR,TLE
TLH,TALLAHASSEE,USA,TLH
TLI,TOLITOLI,INDONESIA,TLI
TLL,TALLINN,ESTONIA,TLL
TLN,TOULON,FRANCE,TLN
TLS,TOULOUSE,FRANCE,TLS
TLV,TEL AVIV I,ISRAEL,TLV
TMP,TAMPERE,FINLAND,TMP
TMW,TAMWORTH,AUSTRALIA,TMW
TNA,JINAN,CHINA,TNA
TNE,TANEGASHIMA,JAPAN,TNE
TNG,TANGIER,MOROCCO,TNG
TNH,TONGHUA,CHINA,TNH
TNN,TAINAN,TAIWAN,TNN
TNX,STUNG TRENG,CAMBODIA,TNX
TOD,TIOMAN,MALAYSIA,TOD
TOE,TOZEUR,TUNISIA,TOE
TOF,TOMSK,RUSSIA,TOF
TOH,TORRES,VANUATU,TOH
TOL,TOLEDO,USA,TOL
TOM,TOMBOUCTOU,MALI,TOM
TOP,TOPEKA,USA,TOP
TOS,TROMSO,NORWAY,TOS
TOW,TOLEDO,BRAZIL,TOW
TOY,TOYAMA,JAPAN,TOY
TPA,TAMPA,USA,TPA
TPE,TAIPEI,TAIWAN,TPE
TRC,TORREON,MEXICO,TRC
TRD,TRONDHEIM,NORWAY,TRD
TRE,TIREE,UK,TRE
TRG,TAURANGA,NEW ZEALAND,TRG
TRI,TRI,UNITED STATES,TRI
TRK,TARAKAN,INDONESIA,TRK
TRN,TURIN,ITALY,TRN
TRO,TAREE,AUSTRALIA,TRO
TRS,TRIESTE,ITALY,TRS
TRU,TRUJILLO,PERU,TRU
TRV,TRIVANDRUM,INDIA,TRV
TSA,TAIPEI,TAIWAN,TPE
TSJ,TSUSHIMA,JAPAN,TSJ
TSN,TIANJIN,CHINA,TSN
TSR,TIMISOARA,ROMANIA,TSR
TSS,NEW YORK EAST 34TH S,USA,NYC
TSV,TOWNSVILLE,AUSTRALIA,TSV
TTE,TERNATE,INDONESIA,TTE
TTJ,TOTTORI,JAPAN,TTJ
TTN,TRENTON,USA,TTN
TTT,TAITUNG,TAIWAN,TTT
TTU,TETUAN,MOROCCO,TTU
TUB,TUBUAI,TUBUAI ISLAND,TUB
TUC,TUCUMAN,ARGENTINA,TUC
TUF,TOURS,FRANCE,TUF
TUG,TUGUEGARAO,PHILIPPINES,TUG
TUL,TULSA,USA,TUL
TUN,TUNIS,TUNISIA,TUN
TUO,TAUPO,NEW ZEALAND,TUO
TUR,TUCURUI,BRAZIL,TUR
TUS,TUCSON,USA,TUS
TUU,TABUK,SAUDI ARABIA,TUU
TVC,TRAVERSE CITY,USA,TVC
TWB,TOOWOOMBA,AUSTRALIA,TWB
TWF,TWIN FALLS,USA,TWF
TWU,TAWAU,MALAYSIA,TWU
TXG,TAICHUNG,TAIWAN,TXG
TXK,TEXARKANA,USA,TXK
TXL,BERLIN,GERMANY,TXL
TXN,TUNXI,CHINA,TXN
TYL,TALARA,PERU,TYL
TYN,TAIYUAN,CHINA,TYN
TYO,TOKYO,JAPAN,TYO
TYS,TYS,,TYS
TZA,BELIZE CITY,BELIZE,TZA
UAQ,SAN JUAN,ARGENTINA,UAQ
UBA,UBERABA,BRAZIL,UBA
UBJ,UBE,JAPAN,UBJ
UBP,UBON,THAILAND,UBP
UBS,COLUMBUS,USA,UBS
UCA,UTICA,USA,UCA
UCT,UKHTA,RUSSIAN,UCT
UDI,UBERLANDIA,BRAZIL,UDI
UEL,QUELIMANE,MOZAMBIQUE,UEL
UET,QUETTA,PAKISTAN,UET
UFA,UFA,RUSSIAN,UFA
UGO,UIGE,ANGOLA,UGO
UIN,QUINCY,USA,UIN
UIO,QUITO,ECUADOR,UIO
ULN,ULAN BATOR,MONGOLIA,ULN
UNT,UNST,UK,UNT
URC,URUMQI,CHINA,URC
USM,KOH SAMUI,THAILAND,USM
VAA,VAASA,FINLAND,VAA
VAN,VAN,TURKEY,VAN
VAR,VARNA,BULGARIA,VAR
VBY,VISBY,SWEDEN,VBY
VCE,VENICE,ITALY,VCE
VCT,VICTORIA,USA,VCT
VDM,VIEDMA,ARGENTINA,VDM
VDS,VADSO,NORWAY,VDS
VDZ,VALDEZ,USA,VDZ
VER,VERACRUZ,MEXICO,VER
VFA,VICTORIA FALLS,ZIMBABWE,VFA
VGT,LAS VEGAS NORTH AIR,USA,LAS
VIE,VIENNA,AUSTRIA,VIE
VIL,DAKHLA,MOROCCO,VIL
VIT,VITORIA,SPAIN,VIT
VIX,VITORIA,BRAZIL,VIX
VLC,VALENCIA,SPAIN,VLC
VLL,VALLADOLID,SPAIN,VLL
VLN,VALENCIA,VENEZUELA,VLN
VNE,VANNES,FRANCE,VNE
VNO,VILNIUS,LITHUANIA,VNO
VNS,VARANASI,INDIA,VNS
VPS,VALPARAISO,USA,VPS
VST,VASTERAS,SWEDEN,VST
WAA,WALES,USA,WAA
WAS,WASHINGTON,USA,WAS
WAW,WARSAW,POLAND,WAW
WDG,ENID,USA,WDG
WDH,WINDHOEK,NAMIBIA,WDH
WEF,WEIFANG,CHINA,WEF
WEH,WEIHAI,CHINA,WEH
WGP,WAINGAPU,INDONESIA,WGP
WHU,WUHU,CHINA,WHU
WIC,WICK,UK,WIC
WLG,WELLINGTON,NEW ZEALAND,WLG
WNS,NAWABSHAH,PAKISTAN,WNS
WNZ,WENZHOU,CHINA,WNZ
WRG,WRANGELL,USA,WRG
WRO,WROCLAW,POLAND,WRO
WRY,WESTRAY,UK,WRY
WSZ,WESTPORT,NEW ZEALAND,WSZ
WTL,NOATAK,USA,WTL
WUH,WUHAN,CHINA,WUH
WUS,WUYISHAN,CHINA,WUS
WUX,WUXI,CHINA,WUX
WUZ,WUZHOU,CHINA,WUZ
WWK,WEWAK,PAPUA NEW GUINEA,WWK
WWY,WEST WYALONG,AUSTRALIA,WWY
WYN,WYNDHAM,AUSTRALIA,WYN
XFN,XIANGFAN,CHINA,XFN
XIY,XIAN,CHINA,SIA
XLB,LAC BROCHET,CANADA,XLB
XLS,ST LOUIS,SENEGAL,XLS
XMN,XIAMEN,CHINA,XMN
XNN,XINING,CHINA,XNN
XNT,XINGTAI,CHINA,XNT
XRR,ROSS RIVER,CANADA,XRR
XUZ,XUZHOU,CHINA,XUZ
YAB,ARCTIC BAY,CANADA,YAB
YAK,YAKUTAT,USA,YAK
YAM,SAULT SAINTE MARIE,CANADA,YAM
YAO,YAOUNDE,CAMEROON,YAO
YEA,EDMONTON,CANADA,YEA
YEG,EDMONTON,CANADA,
YGK,KINGSTON,CANADA,YGK
YHZ,HALIFAX,CANADA,YHZ
YIN,YINING,CHINA,YIN
YKM,YAKIMA,USA,YKM
YKN,YANKTON,USA,YKN
YKS,YAKUTSK,RUSSIA,YKS
YMQ,MONTREAL,CANADA,YMQ
YMX,MONTREAL,CANADA,YMX
YNB,YANBU,SAUDI ARABIA,YNB
YNG,YOUNGSTOWN,USA,YNG
YNT,YANTAI,CHINA,YNT
YOW,OTTAWA,CANADA,YOW
YQB,QUEBEC,CANADA,YQB
YQG,WINDSOR,CANADA,YQG
YQR,REGINA,CANADA,YQR
YQT,THUNDER BAY,CANADA,YQT
YQX,GANDER,CANADA,YQX
YSJ,ST JOHN,CANADA,YSJ
YTO,TORONTO,CANADA,YTO
YUL,MONTREAL,CANADA,
YVR,VANCOUVER,CANADA,YVR
YWG,WINNIPEG,CANADA,YWG
YXD,EDMONTON,CANADA,YXD
YXE,SASKATOON,CANADA,YXE
YXJ,FORT ST JOHN,CANADA,YXJ
YXU,LONDON,CANADA,YXU
YXY,WHITEHORSE,CANADA,YXY
YYC,CALGARY,CANADA,YYC
YYJ,VICTORIA,CANADA,YYJ
YYZ,TORONTO,,YTO
ZAD,ZADAR,CROATIA,ZAD
ZAG,ZAGREB,CROATIA,ZAG
ZAL,VALDIVIA,CHILE,ZAL
ZAM,ZAMBOANGA,PHILIPPINES,ZAM
ZAT,ZHAOTONG,CHINA,ZAT
ZAZ,ZARAGAOZA,SPAIN,ZAZ
ZBF,BATHURST,CANADA,ZBF
ZBR,CHAH-BAHAR,IRAN,ZBR
ZCL,ZACATECAS,MEXICO,ZCL
ZCO,TEMUCO,CHILE,ZCO
ZFD,FOND DU LAC,CANADA,ZFD
ZFM,FORT MCPHERSON,CANADA,ZFM
ZHA,ZHANJIANG,CHINA,ZHA
ZIG,ZIGUINCHOR,SENEGAL,ZIG
ZLO,MANZANILLO,MEXICO,ZLO
ZNZ,ZANZIBAR,TANZANIA,ZNZ
ZQN,QUEENSTOWN,NEW ZEALAND,ZQN
ZRH,ZURICH,SWITZERLAND,ZRH
ZRM,SARMI,INDONESIA,ZRM
ZSA,SAN SALVADOR,BAHAMAS,ZSA
ZSM,SANTA CLARA,USA,ZSM
ZUH,ZHUHAI,CHINA,ZUH
ZWL,WOLLASTON LAKE,CANADA,ZWL
ZZZ,,,ZZZ
